Model,Accuracy,Kappa
Random Forest,0.8257,0.6349065702505818
KMeans,0.41915,0.17848203372490012
